frame_path,timestamp,chunk_id
frames/frame_000_0.00s.jpg,0.0,0
frames/frame_001_5.00s.jpg,5.0,0
frames/frame_002_10.00s.jpg,10.0,0
frames/frame_003_15.00s.jpg,15.0,1
frames/frame_004_20.00s.jpg,20.0,1
frames/frame_005_25.00s.jpg,25.0,1
frames/frame_006_30.00s.jpg,30.0,2
frames/frame_007_35.00s.jpg,35.0,2
frames/frame_008_40.00s.jpg,40.0,2
frames/frame_009_45.00s.jpg,45.0,3
frames/frame_010_50.00s.jpg,50.0,3
frames/frame_011_55.00s.jpg,55.0,4
frames/frame_012_60.00s.jpg,60.0,4
frames/frame_013_65.00s.jpg,65.0,5
frames/frame_014_70.00s.jpg,70.0,5
frames/frame_015_75.00s.jpg,75.0,5
frames/frame_016_80.00s.jpg,80.0,6
frames/frame_017_85.00s.jpg,85.0,6
frames/frame_018_90.00s.jpg,90.0,6
frames/frame_019_95.00s.jpg,95.0,7
frames/frame_020_100.00s.jpg,100.0,7
frames/frame_021_105.00s.jpg,105.0,7
frames/frame_022_110.00s.jpg,110.0,8
frames/frame_023_115.00s.jpg,115.0,8
frames/frame_024_120.00s.jpg,120.0,9
frames/frame_025_125.00s.jpg,125.0,9
frames/frame_026_130.00s.jpg,130.0,10
frames/frame_027_135.00s.jpg,135.0,10
frames/frame_028_140.00s.jpg,140.0,10
frames/frame_029_145.00s.jpg,145.0,11
frames/frame_030_150.00s.jpg,150.0,11
frames/frame_031_155.00s.jpg,155.0,12
frames/frame_032_160.00s.jpg,160.0,12
frames/frame_033_165.00s.jpg,165.0,12
frames/frame_034_170.00s.jpg,170.0,13
frames/frame_035_175.00s.jpg,175.0,13
frames/frame_036_180.00s.jpg,180.0,14
frames/frame_037_185.00s.jpg,185.0,14
frames/frame_038_190.00s.jpg,190.0,14
frames/frame_039_195.00s.jpg,195.0,15
frames/frame_040_200.00s.jpg,200.0,15
frames/frame_041_205.00s.jpg,205.0,15
frames/frame_042_210.00s.jpg,210.0,16
frames/frame_043_215.00s.jpg,215.0,16
frames/frame_044_220.00s.jpg,220.0,17
frames/frame_045_225.00s.jpg,225.0,17
frames/frame_046_230.00s.jpg,230.0,17
frames/frame_047_235.00s.jpg,235.0,18
frames/frame_048_240.00s.jpg,240.0,18
frames/frame_049_245.00s.jpg,245.0,18
frames/frame_050_250.00s.jpg,250.0,19
frames/frame_051_255.00s.jpg,255.0,19
frames/frame_052_260.00s.jpg,260.0,19
frames/frame_053_265.00s.jpg,265.0,20
frames/frame_054_270.00s.jpg,270.0,20
frames/frame_055_275.00s.jpg,275.0,21
frames/frame_056_280.00s.jpg,280.0,21
frames/frame_057_285.00s.jpg,285.0,21
frames/frame_058_290.00s.jpg,290.0,22
frames/frame_059_295.00s.jpg,295.0,22
frames/frame_060_300.00s.jpg,300.0,22
frames/frame_061_305.00s.jpg,305.0,23
frames/frame_062_310.00s.jpg,310.0,23
frames/frame_063_315.00s.jpg,315.0,23
frames/frame_064_320.00s.jpg,320.0,24
frames/frame_065_325.00s.jpg,325.0,24
frames/frame_066_330.00s.jpg,330.0,24
frames/frame_067_335.00s.jpg,335.0,25
frames/frame_068_340.00s.jpg,340.0,25
frames/frame_069_345.00s.jpg,345.0,26
frames/frame_070_350.00s.jpg,350.0,26
frames/frame_071_355.00s.jpg,355.0,26
frames/frame_072_360.00s.jpg,360.0,27
frames/frame_073_365.00s.jpg,365.0,27
frames/frame_074_370.00s.jpg,370.0,28
frames/frame_075_375.00s.jpg,375.0,28
frames/frame_076_380.00s.jpg,380.0,28
frames/frame_077_385.00s.jpg,385.0,29
frames/frame_078_390.00s.jpg,390.0,29
frames/frame_079_395.00s.jpg,395.0,29
frames/frame_080_400.00s.jpg,400.0,30
frames/frame_081_405.00s.jpg,405.0,30
frames/frame_082_410.00s.jpg,410.0,30
frames/frame_083_415.00s.jpg,415.0,31
frames/frame_084_420.00s.jpg,420.0,31
frames/frame_085_425.00s.jpg,425.0,31
frames/frame_086_430.00s.jpg,430.0,32
frames/frame_087_435.00s.jpg,435.0,32
frames/frame_088_440.00s.jpg,440.0,33
frames/frame_089_445.00s.jpg,445.0,33
frames/frame_090_450.00s.jpg,450.0,33
frames/frame_091_455.00s.jpg,455.0,34
frames/frame_092_460.00s.jpg,460.0,34
frames/frame_093_465.00s.jpg,465.0,34
frames/frame_094_470.00s.jpg,470.0,35
frames/frame_095_475.00s.jpg,475.0,35
frames/frame_096_480.00s.jpg,480.0,36
frames/frame_097_485.00s.jpg,485.0,36
frames/frame_098_490.00s.jpg,490.0,36
frames/frame_099_495.00s.jpg,495.0,37
frames/frame_100_500.00s.jpg,500.0,37
frames/frame_101_505.00s.jpg,505.0,37
frames/frame_102_510.00s.jpg,510.0,38
frames/frame_103_515.00s.jpg,515.0,38
frames/frame_104_520.00s.jpg,520.0,39
frames/frame_105_525.00s.jpg,525.0,39
frames/frame_106_530.00s.jpg,530.0,39
frames/frame_107_535.00s.jpg,535.0,40
frames/frame_108_540.00s.jpg,540.0,40
frames/frame_109_545.00s.jpg,545.0,40
frames/frame_110_550.00s.jpg,550.0,41
frames/frame_111_555.00s.jpg,555.0,41
frames/frame_112_560.00s.jpg,560.0,41
frames/frame_113_565.00s.jpg,565.0,41
frames/frame_114_570.00s.jpg,570.0,42
frames/frame_115_575.00s.jpg,575.0,42
frames/frame_116_580.00s.jpg,580.0,42
frames/frame_117_585.00s.jpg,585.0,43
frames/frame_118_590.00s.jpg,590.0,43
frames/frame_119_595.00s.jpg,595.0,43
frames/frame_120_600.00s.jpg,600.0,44
frames/frame_121_605.00s.jpg,605.0,44
frames/frame_122_610.00s.jpg,610.0,45
frames/frame_123_615.00s.jpg,615.0,45
frames/frame_124_620.00s.jpg,620.0,45
frames/frame_125_625.00s.jpg,625.0,46
frames/frame_126_630.00s.jpg,630.0,46
frames/frame_127_635.00s.jpg,635.0,46
frames/frame_128_640.00s.jpg,640.0,47
frames/frame_129_645.00s.jpg,645.0,47
frames/frame_130_650.00s.jpg,650.0,47
frames/frame_131_655.00s.jpg,655.0,48
frames/frame_132_660.00s.jpg,660.0,48
frames/frame_133_665.00s.jpg,665.0,48
frames/frame_134_670.00s.jpg,670.0,48
frames/frame_135_675.00s.jpg,675.0,49
frames/frame_136_680.00s.jpg,680.0,49
frames/frame_137_685.00s.jpg,685.0,49
frames/frame_138_690.00s.jpg,690.0,50
frames/frame_139_695.00s.jpg,695.0,50
frames/frame_140_700.00s.jpg,700.0,51
frames/frame_141_705.00s.jpg,705.0,51
frames/frame_142_710.00s.jpg,710.0,51
frames/frame_143_715.00s.jpg,715.0,52
frames/frame_144_720.00s.jpg,720.0,52
frames/frame_145_725.00s.jpg,725.0,52
frames/frame_146_730.00s.jpg,730.0,53
frames/frame_147_735.00s.jpg,735.0,53
frames/frame_148_740.00s.jpg,740.0,53
frames/frame_149_745.00s.jpg,745.0,54
frames/frame_150_750.00s.jpg,750.0,54
frames/frame_151_755.00s.jpg,755.0,55
frames/frame_152_760.00s.jpg,760.0,55
frames/frame_153_765.00s.jpg,765.0,56
frames/frame_154_770.00s.jpg,770.0,56
frames/frame_155_775.00s.jpg,775.0,56
frames/frame_156_780.00s.jpg,780.0,57
frames/frame_157_785.00s.jpg,785.0,57
frames/frame_158_790.00s.jpg,790.0,57
frames/frame_159_795.00s.jpg,795.0,58
frames/frame_160_800.00s.jpg,800.0,58
frames/frame_161_805.00s.jpg,805.0,58
frames/frame_162_810.00s.jpg,810.0,59
frames/frame_163_815.00s.jpg,815.0,59
frames/frame_164_820.00s.jpg,820.0,60
frames/frame_165_825.00s.jpg,825.0,60
frames/frame_166_830.00s.jpg,830.0,60
frames/frame_167_835.00s.jpg,835.0,60
frames/frame_168_840.00s.jpg,840.0,61
frames/frame_169_845.00s.jpg,845.0,61
frames/frame_170_850.00s.jpg,850.0,62
frames/frame_171_855.00s.jpg,855.0,62
frames/frame_172_860.00s.jpg,860.0,62
frames/frame_173_865.00s.jpg,865.0,62
frames/frame_174_870.00s.jpg,870.0,63
frames/frame_175_875.00s.jpg,875.0,63
frames/frame_176_880.00s.jpg,880.0,64
frames/frame_177_885.00s.jpg,885.0,64
frames/frame_178_890.00s.jpg,890.0,65
frames/frame_179_895.00s.jpg,895.0,65
frames/frame_180_900.00s.jpg,900.0,65
frames/frame_181_905.00s.jpg,905.0,66
frames/frame_182_910.00s.jpg,910.0,66
frames/frame_183_915.00s.jpg,915.0,66
frames/frame_184_920.00s.jpg,920.0,67
frames/frame_185_925.00s.jpg,925.0,67
frames/frame_186_930.00s.jpg,930.0,68
frames/frame_187_935.00s.jpg,935.0,68
frames/frame_188_940.00s.jpg,940.0,68
frames/frame_189_945.00s.jpg,945.0,69
frames/frame_190_950.00s.jpg,950.0,69
frames/frame_191_955.00s.jpg,955.0,70
frames/frame_192_960.00s.jpg,960.0,70
frames/frame_193_965.00s.jpg,965.0,70
frames/frame_194_970.00s.jpg,970.0,71
frames/frame_195_975.00s.jpg,975.0,71
frames/frame_196_980.00s.jpg,980.0,71
frames/frame_197_985.00s.jpg,985.0,72
frames/frame_198_990.00s.jpg,990.0,72
frames/frame_199_995.00s.jpg,995.0,73
frames/frame_200_1000.00s.jpg,1000.0,73
frames/frame_201_1005.00s.jpg,1005.0,73
frames/frame_202_1010.00s.jpg,1010.0,74
frames/frame_203_1015.00s.jpg,1015.0,74
frames/frame_204_1020.00s.jpg,1020.0,75
frames/frame_205_1025.00s.jpg,1025.0,75
frames/frame_206_1030.00s.jpg,1030.0,75
frames/frame_207_1035.00s.jpg,1035.0,76
frames/frame_208_1040.00s.jpg,1040.0,76
frames/frame_209_1045.00s.jpg,1045.0,76
frames/frame_210_1050.00s.jpg,1050.0,77
frames/frame_211_1055.00s.jpg,1055.0,77
frames/frame_212_1060.00s.jpg,1060.0,77
frames/frame_213_1065.00s.jpg,1065.0,78
frames/frame_214_1070.00s.jpg,1070.0,78
frames/frame_215_1075.00s.jpg,1075.0,78
frames/frame_216_1080.00s.jpg,1080.0,79
frames/frame_217_1085.00s.jpg,1085.0,79
frames/frame_218_1090.00s.jpg,1090.0,80
frames/frame_219_1095.00s.jpg,1095.0,80
frames/frame_220_1100.00s.jpg,1100.0,80
frames/frame_221_1105.00s.jpg,1105.0,81
frames/frame_222_1110.00s.jpg,1110.0,81
frames/frame_223_1115.00s.jpg,1115.0,81
frames/frame_224_1120.00s.jpg,1120.0,82
frames/frame_225_1125.00s.jpg,1125.0,82
frames/frame_226_1130.00s.jpg,1130.0,83
frames/frame_227_1135.00s.jpg,1135.0,83
frames/frame_228_1140.00s.jpg,1140.0,83
frames/frame_229_1145.00s.jpg,1145.0,84
frames/frame_230_1150.00s.jpg,1150.0,84
frames/frame_231_1155.00s.jpg,1155.0,84
frames/frame_232_1160.00s.jpg,1160.0,85
frames/frame_233_1165.00s.jpg,1165.0,85
frames/frame_234_1170.00s.jpg,1170.0,85
frames/frame_235_1175.00s.jpg,1175.0,86
frames/frame_236_1180.00s.jpg,1180.0,86
frames/frame_237_1185.00s.jpg,1185.0,87
frames/frame_238_1190.00s.jpg,1190.0,87
frames/frame_239_1195.00s.jpg,1195.0,87
frames/frame_240_1200.00s.jpg,1200.0,88
frames/frame_241_1205.00s.jpg,1205.0,88
frames/frame_242_1210.00s.jpg,1210.0,88
frames/frame_243_1215.00s.jpg,1215.0,89
frames/frame_244_1220.00s.jpg,1220.0,89
frames/frame_245_1225.00s.jpg,1225.0,89
frames/frame_246_1230.00s.jpg,1230.0,90
frames/frame_247_1235.00s.jpg,1235.0,90
frames/frame_248_1240.00s.jpg,1240.0,91
frames/frame_249_1245.00s.jpg,1245.0,91
frames/frame_250_1250.00s.jpg,1250.0,91
frames/frame_251_1255.00s.jpg,1255.0,92
frames/frame_252_1260.00s.jpg,1260.0,92
frames/frame_253_1265.00s.jpg,1265.0,93
frames/frame_254_1270.00s.jpg,1270.0,93
frames/frame_255_1275.00s.jpg,1275.0,94
frames/frame_256_1280.00s.jpg,1280.0,94
frames/frame_257_1285.00s.jpg,1285.0,94
frames/frame_258_1290.00s.jpg,1290.0,95
frames/frame_259_1295.00s.jpg,1295.0,95
frames/frame_260_1300.00s.jpg,1300.0,95
frames/frame_261_1305.00s.jpg,1305.0,95
frames/frame_262_1310.00s.jpg,1310.0,96
frames/frame_263_1315.00s.jpg,1315.0,96
frames/frame_264_1320.00s.jpg,1320.0,96
frames/frame_265_1325.00s.jpg,1325.0,97
frames/frame_266_1330.00s.jpg,1330.0,97
frames/frame_267_1335.00s.jpg,1335.0,97
frames/frame_268_1340.00s.jpg,1340.0,98
frames/frame_269_1345.00s.jpg,1345.0,98
frames/frame_270_1350.00s.jpg,1350.0,99
frames/frame_271_1355.00s.jpg,1355.0,99
frames/frame_272_1360.00s.jpg,1360.0,99
frames/frame_273_1365.00s.jpg,1365.0,100
frames/frame_274_1370.00s.jpg,1370.0,100
frames/frame_275_1375.00s.jpg,1375.0,101
frames/frame_276_1380.00s.jpg,1380.0,101
frames/frame_277_1385.00s.jpg,1385.0,101
frames/frame_278_1390.00s.jpg,1390.0,102
frames/frame_279_1395.00s.jpg,1395.0,102
frames/frame_280_1400.00s.jpg,1400.0,103
frames/frame_281_1405.00s.jpg,1405.0,103
frames/frame_282_1410.00s.jpg,1410.0,103
frames/frame_283_1415.00s.jpg,1415.0,104
frames/frame_284_1420.00s.jpg,1420.0,104
frames/frame_285_1425.00s.jpg,1425.0,104
frames/frame_286_1430.00s.jpg,1430.0,104
frames/frame_287_1435.00s.jpg,1435.0,105
frames/frame_288_1440.00s.jpg,1440.0,105
frames/frame_289_1445.00s.jpg,1445.0,106
frames/frame_290_1450.00s.jpg,1450.0,106
frames/frame_291_1455.00s.jpg,1455.0,106
frames/frame_292_1460.00s.jpg,1460.0,107
frames/frame_293_1465.00s.jpg,1465.0,107
frames/frame_294_1470.00s.jpg,1470.0,108
frames/frame_295_1475.00s.jpg,1475.0,108
frames/frame_296_1480.00s.jpg,1480.0,108
frames/frame_297_1485.00s.jpg,1485.0,109
frames/frame_298_1490.00s.jpg,1490.0,109
frames/frame_299_1495.00s.jpg,1495.0,110
frames/frame_300_1500.00s.jpg,1500.0,110
frames/frame_301_1505.00s.jpg,1505.0,110
frames/frame_302_1510.00s.jpg,1510.0,111
frames/frame_303_1515.00s.jpg,1515.0,111
frames/frame_304_1520.00s.jpg,1520.0,111
frames/frame_305_1525.00s.jpg,1525.0,112
frames/frame_306_1530.00s.jpg,1530.0,112
frames/frame_307_1535.00s.jpg,1535.0,112
frames/frame_308_1540.00s.jpg,1540.0,113
frames/frame_309_1545.00s.jpg,1545.0,113
frames/frame_310_1550.00s.jpg,1550.0,114
frames/frame_311_1555.00s.jpg,1555.0,114
frames/frame_312_1560.00s.jpg,1560.0,114
frames/frame_313_1565.00s.jpg,1565.0,115
frames/frame_314_1570.00s.jpg,1570.0,115
frames/frame_315_1575.00s.jpg,1575.0,115
frames/frame_316_1580.00s.jpg,1580.0,115
frames/frame_317_1585.00s.jpg,1585.0,116
frames/frame_318_1590.00s.jpg,1590.0,116
frames/frame_319_1595.00s.jpg,1595.0,117
frames/frame_320_1600.00s.jpg,1600.0,117
frames/frame_321_1605.00s.jpg,1605.0,117
frames/frame_322_1610.00s.jpg,1610.0,117
frames/frame_323_1615.00s.jpg,1615.0,118
frames/frame_324_1620.00s.jpg,1620.0,118
frames/frame_325_1625.00s.jpg,1625.0,118
frames/frame_326_1630.00s.jpg,1630.0,118
frames/frame_327_1635.00s.jpg,1635.0,119
frames/frame_328_1640.00s.jpg,1640.0,119
frames/frame_329_1645.00s.jpg,1645.0,119
frames/frame_330_1650.00s.jpg,1650.0,120
frames/frame_331_1655.00s.jpg,1655.0,120
frames/frame_332_1660.00s.jpg,1660.0,121
frames/frame_333_1665.00s.jpg,1665.0,121
frames/frame_334_1670.00s.jpg,1670.0,121
frames/frame_335_1675.00s.jpg,1675.0,121
frames/frame_336_1680.00s.jpg,1680.0,122
frames/frame_337_1685.00s.jpg,1685.0,122
frames/frame_338_1690.00s.jpg,1690.0,123
frames/frame_339_1695.00s.jpg,1695.0,123
frames/frame_340_1700.00s.jpg,1700.0,123
frames/frame_341_1705.00s.jpg,1705.0,124
frames/frame_342_1710.00s.jpg,1710.0,124
frames/frame_343_1715.00s.jpg,1715.0,124
frames/frame_344_1720.00s.jpg,1720.0,125
frames/frame_345_1725.00s.jpg,1725.0,125
frames/frame_346_1730.00s.jpg,1730.0,126
frames/frame_347_1735.00s.jpg,1735.0,126
frames/frame_348_1740.00s.jpg,1740.0,126
frames/frame_349_1745.00s.jpg,1745.0,127
frames/frame_350_1750.00s.jpg,1750.0,127
frames/frame_351_1755.00s.jpg,1755.0,128
frames/frame_352_1760.00s.jpg,1760.0,128
frames/frame_353_1765.00s.jpg,1765.0,128
frames/frame_354_1770.00s.jpg,1770.0,129
frames/frame_355_1775.00s.jpg,1775.0,129
frames/frame_356_1780.00s.jpg,1780.0,129
frames/frame_357_1785.00s.jpg,1785.0,130
frames/frame_358_1790.00s.jpg,1790.0,130
frames/frame_359_1795.00s.jpg,1795.0,131
frames/frame_360_1800.00s.jpg,1800.0,131
frames/frame_361_1805.00s.jpg,1805.0,131
frames/frame_362_1810.00s.jpg,1810.0,132
frames/frame_363_1815.00s.jpg,1815.0,132
frames/frame_364_1820.00s.jpg,1820.0,132
frames/frame_365_1825.00s.jpg,1825.0,133
frames/frame_366_1830.00s.jpg,1830.0,133
frames/frame_367_1835.00s.jpg,1835.0,133
frames/frame_368_1840.00s.jpg,1840.0,133
frames/frame_369_1845.00s.jpg,1845.0,134
frames/frame_370_1850.00s.jpg,1850.0,134
frames/frame_371_1855.00s.jpg,1855.0,134
frames/frame_372_1860.00s.jpg,1860.0,135
frames/frame_373_1865.00s.jpg,1865.0,135
frames/frame_374_1870.00s.jpg,1870.0,135
frames/frame_375_1875.00s.jpg,1875.0,136
frames/frame_376_1880.00s.jpg,1880.0,136
frames/frame_377_1885.00s.jpg,1885.0,137
frames/frame_378_1890.00s.jpg,1890.0,137
frames/frame_379_1895.00s.jpg,1895.0,137
frames/frame_380_1900.00s.jpg,1900.0,138
frames/frame_381_1905.00s.jpg,1905.0,138
frames/frame_382_1910.00s.jpg,1910.0,138
frames/frame_383_1915.00s.jpg,1915.0,139
frames/frame_384_1920.00s.jpg,1920.0,139
frames/frame_385_1925.00s.jpg,1925.0,140
frames/frame_386_1930.00s.jpg,1930.0,140
frames/frame_387_1935.00s.jpg,1935.0,140
frames/frame_388_1940.00s.jpg,1940.0,140
frames/frame_389_1945.00s.jpg,1945.0,141
frames/frame_390_1950.00s.jpg,1950.0,141
frames/frame_391_1955.00s.jpg,1955.0,141
frames/frame_392_1960.00s.jpg,1960.0,141
frames/frame_393_1965.00s.jpg,1965.0,142
frames/frame_394_1970.00s.jpg,1970.0,142
frames/frame_395_1975.00s.jpg,1975.0,142
frames/frame_396_1980.00s.jpg,1980.0,142
frames/frame_397_1985.00s.jpg,1985.0,143
frames/frame_398_1990.00s.jpg,1990.0,143
frames/frame_399_1995.00s.jpg,1995.0,143
frames/frame_400_2000.00s.jpg,2000.0,144
frames/frame_401_2005.00s.jpg,2005.0,144
frames/frame_402_2010.00s.jpg,2010.0,144
frames/frame_403_2015.00s.jpg,2015.0,145
frames/frame_404_2020.00s.jpg,2020.0,145
frames/frame_405_2025.00s.jpg,2025.0,145
frames/frame_406_2030.00s.jpg,2030.0,146
frames/frame_407_2035.00s.jpg,2035.0,146
frames/frame_408_2040.00s.jpg,2040.0,146
frames/frame_409_2045.00s.jpg,2045.0,147
frames/frame_410_2050.00s.jpg,2050.0,147
frames/frame_411_2055.00s.jpg,2055.0,147
frames/frame_412_2060.00s.jpg,2060.0,148
frames/frame_413_2065.00s.jpg,2065.0,148
frames/frame_414_2070.00s.jpg,2070.0,149
frames/frame_415_2075.00s.jpg,2075.0,149
frames/frame_416_2080.00s.jpg,2080.0,149
frames/frame_417_2085.00s.jpg,2085.0,149
frames/frame_418_2090.00s.jpg,2090.0,150
frames/frame_419_2095.00s.jpg,2095.0,150
frames/frame_420_2100.00s.jpg,2100.0,151
frames/frame_421_2105.00s.jpg,2105.0,151
frames/frame_422_2110.00s.jpg,2110.0,151
frames/frame_423_2115.00s.jpg,2115.0,152
frames/frame_424_2120.00s.jpg,2120.0,152
frames/frame_425_2125.00s.jpg,2125.0,152
frames/frame_426_2130.00s.jpg,2130.0,153
frames/frame_427_2135.00s.jpg,2135.0,153
frames/frame_428_2140.00s.jpg,2140.0,153
frames/frame_429_2145.00s.jpg,2145.0,154
frames/frame_430_2150.00s.jpg,2150.0,154
frames/frame_431_2155.00s.jpg,2155.0,154
frames/frame_432_2160.00s.jpg,2160.0,155
frames/frame_433_2165.00s.jpg,2165.0,155
frames/frame_434_2170.00s.jpg,2170.0,155
frames/frame_435_2175.00s.jpg,2175.0,156
frames/frame_436_2180.00s.jpg,2180.0,156
frames/frame_437_2185.00s.jpg,2185.0,157
frames/frame_438_2190.00s.jpg,2190.0,157
frames/frame_439_2195.00s.jpg,2195.0,157
frames/frame_440_2200.00s.jpg,2200.0,158
frames/frame_441_2205.00s.jpg,2205.0,158
frames/frame_442_2210.00s.jpg,2210.0,158
frames/frame_443_2215.00s.jpg,2215.0,159
frames/frame_444_2220.00s.jpg,2220.0,159
frames/frame_445_2225.00s.jpg,2225.0,159
frames/frame_446_2230.00s.jpg,2230.0,160
frames/frame_447_2235.00s.jpg,2235.0,160
frames/frame_448_2240.00s.jpg,2240.0,161
frames/frame_449_2245.00s.jpg,2245.0,161
frames/frame_450_2250.00s.jpg,2250.0,161
frames/frame_451_2255.00s.jpg,2255.0,162
frames/frame_452_2260.00s.jpg,2260.0,162
frames/frame_453_2265.00s.jpg,2265.0,162
frames/frame_454_2270.00s.jpg,2270.0,163
frames/frame_455_2275.00s.jpg,2275.0,163
frames/frame_456_2280.00s.jpg,2280.0,164
frames/frame_457_2285.00s.jpg,2285.0,164
frames/frame_458_2290.00s.jpg,2290.0,164
frames/frame_459_2295.00s.jpg,2295.0,165
frames/frame_460_2300.00s.jpg,2300.0,165
frames/frame_461_2305.00s.jpg,2305.0,165
frames/frame_462_2310.00s.jpg,2310.0,165
frames/frame_463_2315.00s.jpg,2315.0,166
frames/frame_464_2320.00s.jpg,2320.0,166
frames/frame_465_2325.00s.jpg,2325.0,167
frames/frame_466_2330.00s.jpg,2330.0,167
frames/frame_467_2335.00s.jpg,2335.0,167
frames/frame_468_2340.00s.jpg,2340.0,167
frames/frame_469_2345.00s.jpg,2345.0,167
frames/frame_470_2350.00s.jpg,2350.0,168
frames/frame_471_2355.00s.jpg,2355.0,168
frames/frame_472_2360.00s.jpg,2360.0,168
frames/frame_473_2365.00s.jpg,2365.0,169
frames/frame_474_2370.00s.jpg,2370.0,169
frames/frame_475_2375.00s.jpg,2375.0,170
frames/frame_476_2380.00s.jpg,2380.0,170
frames/frame_477_2385.00s.jpg,2385.0,170
frames/frame_478_2390.00s.jpg,2390.0,171
frames/frame_479_2395.00s.jpg,2395.0,171
frames/frame_480_2400.00s.jpg,2400.0,172
frames/frame_481_2405.00s.jpg,2405.0,172
frames/frame_482_2410.00s.jpg,2410.0,172
frames/frame_483_2415.00s.jpg,2415.0,172
frames/frame_484_2420.00s.jpg,2420.0,173
frames/frame_485_2425.00s.jpg,2425.0,173
frames/frame_486_2430.00s.jpg,2430.0,173
frames/frame_487_2435.00s.jpg,2435.0,174
frames/frame_488_2440.00s.jpg,2440.0,174
frames/frame_489_2445.00s.jpg,2445.0,174
frames/frame_490_2450.00s.jpg,2450.0,175
frames/frame_491_2455.00s.jpg,2455.0,175
frames/frame_492_2460.00s.jpg,2460.0,175
frames/frame_493_2465.00s.jpg,2465.0,176
frames/frame_494_2470.00s.jpg,2470.0,176
frames/frame_495_2475.00s.jpg,2475.0,176
frames/frame_496_2480.00s.jpg,2480.0,177
frames/frame_497_2485.00s.jpg,2485.0,177
frames/frame_498_2490.00s.jpg,2490.0,177
frames/frame_499_2495.00s.jpg,2495.0,177
frames/frame_500_2500.00s.jpg,2500.0,178
frames/frame_501_2505.00s.jpg,2505.0,178
frames/frame_502_2510.00s.jpg,2510.0,178
frames/frame_503_2515.00s.jpg,2515.0,178
frames/frame_504_2520.00s.jpg,2520.0,179
frames/frame_505_2525.00s.jpg,2525.0,179
frames/frame_506_2530.00s.jpg,2530.0,180
frames/frame_507_2535.00s.jpg,2535.0,180
frames/frame_508_2540.00s.jpg,2540.0,180
frames/frame_509_2545.00s.jpg,2545.0,181
frames/frame_510_2550.00s.jpg,2550.0,181
frames/frame_511_2555.00s.jpg,2555.0,182
frames/frame_512_2560.00s.jpg,2560.0,182
frames/frame_513_2565.00s.jpg,2565.0,182
frames/frame_514_2570.00s.jpg,2570.0,183
frames/frame_515_2575.00s.jpg,2575.0,183
frames/frame_516_2580.00s.jpg,2580.0,183
frames/frame_517_2585.00s.jpg,2585.0,184
frames/frame_518_2590.00s.jpg,2590.0,184
frames/frame_519_2595.00s.jpg,2595.0,185
frames/frame_520_2600.00s.jpg,2600.0,185
frames/frame_521_2605.00s.jpg,2605.0,185
frames/frame_522_2610.00s.jpg,2610.0,185
frames/frame_523_2615.00s.jpg,2615.0,186
frames/frame_524_2620.00s.jpg,2620.0,186
frames/frame_525_2625.00s.jpg,2625.0,186
frames/frame_526_2630.00s.jpg,2630.0,187
frames/frame_527_2635.00s.jpg,2635.0,187
frames/frame_528_2640.00s.jpg,2640.0,188
frames/frame_529_2645.00s.jpg,2645.0,188
frames/frame_530_2650.00s.jpg,2650.0,188
frames/frame_531_2655.00s.jpg,2655.0,189
frames/frame_532_2660.00s.jpg,2660.0,189
frames/frame_533_2665.00s.jpg,2665.0,190
frames/frame_534_2670.00s.jpg,2670.0,190
frames/frame_535_2675.00s.jpg,2675.0,190
frames/frame_536_2680.00s.jpg,2680.0,190
frames/frame_537_2685.00s.jpg,2685.0,191
frames/frame_538_2690.00s.jpg,2690.0,191
frames/frame_539_2695.00s.jpg,2695.0,191
frames/frame_540_2700.00s.jpg,2700.0,192
frames/frame_541_2705.00s.jpg,2705.0,192
frames/frame_542_2710.00s.jpg,2710.0,193
frames/frame_543_2715.00s.jpg,2715.0,193
frames/frame_544_2720.00s.jpg,2720.0,193
frames/frame_545_2725.00s.jpg,2725.0,194
frames/frame_546_2730.00s.jpg,2730.0,194
frames/frame_547_2735.00s.jpg,2735.0,195
frames/frame_548_2740.00s.jpg,2740.0,195
frames/frame_549_2745.00s.jpg,2745.0,195
frames/frame_550_2750.00s.jpg,2750.0,196
frames/frame_551_2755.00s.jpg,2755.0,196
frames/frame_552_2760.00s.jpg,2760.0,196
frames/frame_553_2765.00s.jpg,2765.0,197
frames/frame_554_2770.00s.jpg,2770.0,197
frames/frame_555_2775.00s.jpg,2775.0,197
frames/frame_556_2780.00s.jpg,2780.0,198
frames/frame_557_2785.00s.jpg,2785.0,198
frames/frame_558_2790.00s.jpg,2790.0,198
frames/frame_559_2795.00s.jpg,2795.0,199
frames/frame_560_2800.00s.jpg,2800.0,199
frames/frame_561_2805.00s.jpg,2805.0,199
frames/frame_562_2810.00s.jpg,2810.0,200
frames/frame_563_2815.00s.jpg,2815.0,200
frames/frame_564_2820.00s.jpg,2820.0,200
frames/frame_565_2825.00s.jpg,2825.0,201
frames/frame_566_2830.00s.jpg,2830.0,201
frames/frame_567_2835.00s.jpg,2835.0,201
frames/frame_568_2840.00s.jpg,2840.0,201
frames/frame_569_2845.00s.jpg,2845.0,202
frames/frame_570_2850.00s.jpg,2850.0,202
frames/frame_571_2855.00s.jpg,2855.0,202
frames/frame_572_2860.00s.jpg,2860.0,202
frames/frame_573_2865.00s.jpg,2865.0,203
frames/frame_574_2870.00s.jpg,2870.0,203
frames/frame_575_2875.00s.jpg,2875.0,204
frames/frame_576_2880.00s.jpg,2880.0,204
frames/frame_577_2885.00s.jpg,2885.0,204
frames/frame_578_2890.00s.jpg,2890.0,205
frames/frame_579_2895.00s.jpg,2895.0,205
frames/frame_580_2900.00s.jpg,2900.0,205
frames/frame_581_2905.00s.jpg,2905.0,206
frames/frame_582_2910.00s.jpg,2910.0,206
frames/frame_583_2915.00s.jpg,2915.0,206
frames/frame_584_2920.00s.jpg,2920.0,207
frames/frame_585_2925.00s.jpg,2925.0,207
frames/frame_586_2930.00s.jpg,2930.0,208
frames/frame_587_2935.00s.jpg,2935.0,208
frames/frame_588_2940.00s.jpg,2940.0,208
frames/frame_589_2945.00s.jpg,2945.0,208
frames/frame_590_2950.00s.jpg,2950.0,209
frames/frame_591_2955.00s.jpg,2955.0,209
frames/frame_592_2960.00s.jpg,2960.0,209
frames/frame_593_2965.00s.jpg,2965.0,210
frames/frame_594_2970.00s.jpg,2970.0,210
frames/frame_595_2975.00s.jpg,2975.0,210
frames/frame_596_2980.00s.jpg,2980.0,211
frames/frame_597_2985.00s.jpg,2985.0,211
frames/frame_598_2990.00s.jpg,2990.0,212
frames/frame_599_2995.00s.jpg,2995.0,212
frames/frame_600_3000.00s.jpg,3000.0,212
frames/frame_601_3005.00s.jpg,3005.0,213
frames/frame_602_3010.00s.jpg,3010.0,213
frames/frame_603_3015.00s.jpg,3015.0,214
frames/frame_604_3020.00s.jpg,3020.0,214
frames/frame_605_3025.00s.jpg,3025.0,214
frames/frame_606_3030.00s.jpg,3030.0,215
frames/frame_607_3035.00s.jpg,3035.0,215
frames/frame_608_3040.00s.jpg,3040.0,215
frames/frame_609_3045.00s.jpg,3045.0,215
frames/frame_610_3050.00s.jpg,3050.0,216
frames/frame_611_3055.00s.jpg,3055.0,216
frames/frame_612_3060.00s.jpg,3060.0,216
frames/frame_613_3065.00s.jpg,3065.0,217
frames/frame_614_3070.00s.jpg,3070.0,217
frames/frame_615_3075.00s.jpg,3075.0,217
frames/frame_616_3080.00s.jpg,3080.0,218
frames/frame_617_3085.00s.jpg,3085.0,218
frames/frame_618_3090.00s.jpg,3090.0,219
frames/frame_619_3095.00s.jpg,3095.0,219
frames/frame_620_3100.00s.jpg,3100.0,219
frames/frame_621_3105.00s.jpg,3105.0,220
frames/frame_622_3110.00s.jpg,3110.0,220
frames/frame_623_3115.00s.jpg,3115.0,220
frames/frame_624_3120.00s.jpg,3120.0,220
frames/frame_625_3125.00s.jpg,3125.0,221
frames/frame_626_3130.00s.jpg,3130.0,221
frames/frame_627_3135.00s.jpg,3135.0,221
frames/frame_628_3140.00s.jpg,3140.0,221
frames/frame_629_3145.00s.jpg,3145.0,222
frames/frame_630_3150.00s.jpg,3150.0,222
frames/frame_631_3155.00s.jpg,3155.0,222
frames/frame_632_3160.00s.jpg,3160.0,222
frames/frame_633_3165.00s.jpg,3165.0,223
frames/frame_634_3170.00s.jpg,3170.0,223
frames/frame_635_3175.00s.jpg,3175.0,223
frames/frame_636_3180.00s.jpg,3180.0,224
frames/frame_637_3185.00s.jpg,3185.0,224
frames/frame_638_3190.00s.jpg,3190.0,224
frames/frame_639_3195.00s.jpg,3195.0,225
frames/frame_640_3200.00s.jpg,3200.0,225
frames/frame_641_3205.00s.jpg,3205.0,225
frames/frame_642_3210.00s.jpg,3210.0,226
frames/frame_643_3215.00s.jpg,3215.0,226
frames/frame_644_3220.00s.jpg,3220.0,227
frames/frame_645_3225.00s.jpg,3225.0,227
frames/frame_646_3230.00s.jpg,3230.0,228
frames/frame_647_3235.00s.jpg,3235.0,228
frames/frame_648_3240.00s.jpg,3240.0,228
frames/frame_649_3245.00s.jpg,3245.0,228
frames/frame_650_3250.00s.jpg,3250.0,228
frames/frame_651_3255.00s.jpg,3255.0,229
frames/frame_652_3260.00s.jpg,3260.0,229
frames/frame_653_3265.00s.jpg,3265.0,229
frames/frame_654_3270.00s.jpg,3270.0,229
frames/frame_655_3275.00s.jpg,3275.0,230
frames/frame_656_3280.00s.jpg,3280.0,230
frames/frame_657_3285.00s.jpg,3285.0,231
frames/frame_658_3290.00s.jpg,3290.0,231
frames/frame_659_3295.00s.jpg,3295.0,231
frames/frame_660_3300.00s.jpg,3300.0,232
frames/frame_661_3305.00s.jpg,3305.0,232
frames/frame_662_3310.00s.jpg,3310.0,232
frames/frame_663_3315.00s.jpg,3315.0,233
frames/frame_664_3320.00s.jpg,3320.0,233
frames/frame_665_3325.00s.jpg,3325.0,234
frames/frame_666_3330.00s.jpg,3330.0,234
frames/frame_667_3335.00s.jpg,3335.0,234
frames/frame_668_3340.00s.jpg,3340.0,235
frames/frame_669_3345.00s.jpg,3345.0,235
frames/frame_670_3350.00s.jpg,3350.0,235
frames/frame_671_3355.00s.jpg,3355.0,236
frames/frame_672_3360.00s.jpg,3360.0,236
frames/frame_673_3365.00s.jpg,3365.0,236
frames/frame_674_3370.00s.jpg,3370.0,237
frames/frame_675_3375.00s.jpg,3375.0,237
frames/frame_676_3380.00s.jpg,3380.0,237
frames/frame_677_3385.00s.jpg,3385.0,238
frames/frame_678_3390.00s.jpg,3390.0,238
frames/frame_679_3395.00s.jpg,3395.0,238
frames/frame_680_3400.00s.jpg,3400.0,239
frames/frame_681_3405.00s.jpg,3405.0,239
frames/frame_682_3410.00s.jpg,3410.0,239
frames/frame_683_3415.00s.jpg,3415.0,240
frames/frame_684_3420.00s.jpg,3420.0,240
frames/frame_685_3425.00s.jpg,3425.0,241
frames/frame_686_3430.00s.jpg,3430.0,241
frames/frame_687_3435.00s.jpg,3435.0,241
frames/frame_688_3440.00s.jpg,3440.0,241
frames/frame_689_3445.00s.jpg,3445.0,242
frames/frame_690_3450.00s.jpg,3450.0,242
frames/frame_691_3455.00s.jpg,3455.0,242
frames/frame_692_3460.00s.jpg,3460.0,243
frames/frame_693_3465.00s.jpg,3465.0,243
frames/frame_694_3470.00s.jpg,3470.0,244
frames/frame_695_3475.00s.jpg,3475.0,244
frames/frame_696_3480.00s.jpg,3480.0,244
frames/frame_697_3485.00s.jpg,3485.0,245
frames/frame_698_3490.00s.jpg,3490.0,245
frames/frame_699_3495.00s.jpg,3495.0,245
frames/frame_700_3500.00s.jpg,3500.0,246
frames/frame_701_3505.00s.jpg,3505.0,246
frames/frame_702_3510.00s.jpg,3510.0,247
frames/frame_703_3515.00s.jpg,3515.0,247
frames/frame_704_3520.00s.jpg,3520.0,247
frames/frame_705_3525.00s.jpg,3525.0,248
frames/frame_706_3530.00s.jpg,3530.0,248
frames/frame_707_3535.00s.jpg,3535.0,249
frames/frame_708_3540.00s.jpg,3540.0,249
frames/frame_709_3545.00s.jpg,3545.0,250
frames/frame_710_3550.00s.jpg,3550.0,250
frames/frame_711_3555.00s.jpg,3555.0,250
frames/frame_712_3560.00s.jpg,3560.0,251
frames/frame_713_3565.00s.jpg,3565.0,251
frames/frame_714_3570.00s.jpg,3570.0,251
frames/frame_715_3575.00s.jpg,3575.0,252
frames/frame_716_3580.00s.jpg,3580.0,252
frames/frame_717_3585.00s.jpg,3585.0,252
frames/frame_718_3590.00s.jpg,3590.0,253
frames/frame_719_3595.00s.jpg,3595.0,253
frames/frame_720_3600.00s.jpg,3600.0,253
frames/frame_721_3605.00s.jpg,3605.0,253
frames/frame_722_3610.00s.jpg,3610.0,253
frames/frame_723_3615.00s.jpg,3615.0,253
frames/frame_724_3620.00s.jpg,3620.0,254
frames/frame_725_3625.00s.jpg,3625.0,254
frames/frame_726_3630.00s.jpg,3630.0,254
frames/frame_727_3635.00s.jpg,3635.0,255
frames/frame_728_3640.00s.jpg,3640.0,255
frames/frame_729_3645.00s.jpg,3645.0,255
frames/frame_730_3650.00s.jpg,3650.0,256
frames/frame_731_3655.00s.jpg,3655.0,256
frames/frame_732_3660.00s.jpg,3660.0,256
frames/frame_733_3665.00s.jpg,3665.0,256
frames/frame_734_3670.00s.jpg,3670.0,256
frames/frame_735_3675.00s.jpg,3675.0,257
frames/frame_736_3680.00s.jpg,3680.0,257
frames/frame_737_3685.00s.jpg,3685.0,257
frames/frame_738_3690.00s.jpg,3690.0,258
frames/frame_739_3695.00s.jpg,3695.0,258
frames/frame_740_3700.00s.jpg,3700.0,259
frames/frame_741_3705.00s.jpg,3705.0,259
frames/frame_742_3710.00s.jpg,3710.0,259
frames/frame_743_3715.00s.jpg,3715.0,259
frames/frame_744_3720.00s.jpg,3720.0,260
frames/frame_745_3725.00s.jpg,3725.0,260
frames/frame_746_3730.00s.jpg,3730.0,260
frames/frame_747_3735.00s.jpg,3735.0,261
frames/frame_748_3740.00s.jpg,3740.0,261
frames/frame_749_3745.00s.jpg,3745.0,262
frames/frame_750_3750.00s.jpg,3750.0,262
frames/frame_751_3755.00s.jpg,3755.0,262
